{
	"beforeResponse":    {
		"suffix": " FR906",
		"resultZeros": 50,
		"productID": 66,
		"instrumentID": 6,
		"branchID": 0,
		"accountNumber": 9004787624,
		"nextMovement": "                ",
		"quantityNumber": 1,
		"gpogroupOccurs":       [
			{
				"cycleCount": 6,
				"transactionDate": 170331,
				"sequenceNumber": 11,
				"description": "SU RENDIMIENTO                          ",
				"signAmount": " ",
				"transactionAmount": 150.59,
				"referenceNumber": "0000000000000000",
				"authorizationNumber": 377712,
				"signAmountAfter": " ",
				"transactionAmountAfter": 296200.05
			},
			{
				"cycleCount": 0,
				"transactionDate": 0,
				"sequenceNumber": 0,
				"description": null,
				"signAmount": null,
				"transactionAmount": 0,
				"referenceNumber": null,
				"authorizationNumber": 0,
				"signAmountAfter": null,
				"transactionAmountAfter": 0
			},
			{
				"cycleCount": 0,
				"transactionDate": 0,
				"sequenceNumber": 0,
				"description": null,
				"signAmount": null,
				"transactionAmount": 0,
				"referenceNumber": null,
				"authorizationNumber": 0,
				"signAmountAfter": null,
				"transactionAmountAfter": 0
			},
			{
				"cycleCount": 0,
				"transactionDate": 0,
				"sequenceNumber": 0,
				"description": null,
				"signAmount": null,
				"transactionAmount": 0,
				"referenceNumber": null,
				"authorizationNumber": 0,
				"signAmountAfter": null,
				"transactionAmountAfter": 0
			},
			{
				"cycleCount": 0,
				"transactionDate": 0,
				"sequenceNumber": 0,
				"description": null,
				"signAmount": null,
				"transactionAmount": 0,
				"referenceNumber": null,
				"authorizationNumber": 0,
				"signAmountAfter": null,
				"transactionAmountAfter": 0
			},
			{
				"cycleCount": 0,
				"transactionDate": 0,
				"sequenceNumber": 0,
				"description": null,
				"signAmount": null,
				"transactionAmount": 0,
				"referenceNumber": null,
				"authorizationNumber": 0,
				"signAmountAfter": null,
				"transactionAmountAfter": 0
			},
			{
				"cycleCount": 0,
				"transactionDate": 0,
				"sequenceNumber": 0,
				"description": null,
				"signAmount": null,
				"transactionAmount": 0,
				"referenceNumber": null,
				"authorizationNumber": 0,
				"signAmountAfter": null,
				"transactionAmountAfter": 0
			},
			{
				"cycleCount": 0,
				"transactionDate": 0,
				"sequenceNumber": 0,
				"description": null,
				"signAmount": null,
				"transactionAmount": 0,
				"referenceNumber": null,
				"authorizationNumber": 0,
				"signAmountAfter": null,
				"transactionAmountAfter": 0
			},
			{
				"cycleCount": 0,
				"transactionDate": 0,
				"sequenceNumber": 0,
				"description": null,
				"signAmount": null,
				"transactionAmount": 0,
				"referenceNumber": null,
				"authorizationNumber": 0,
				"signAmountAfter": null,
				"transactionAmountAfter": 0
			},
			{
				"cycleCount": 0,
				"transactionDate": 0,
				"sequenceNumber": 0,
				"description": null,
				"signAmount": null,
				"transactionAmount": 0,
				"referenceNumber": null,
				"authorizationNumber": 0,
				"signAmountAfter": null,
				"transactionAmountAfter": 0
			},
			{
				"cycleCount": 0,
				"transactionDate": 0,
				"sequenceNumber": 0,
				"description": null,
				"signAmount": null,
				"transactionAmount": 0,
				"referenceNumber": null,
				"authorizationNumber": 0,
				"signAmountAfter": null,
				"transactionAmountAfter": 0
			},
			{
				"cycleCount": 0,
				"transactionDate": 0,
				"sequenceNumber": 0,
				"description": null,
				"signAmount": null,
				"transactionAmount": 0,
				"referenceNumber": null,
				"authorizationNumber": 0,
				"signAmountAfter": null,
				"transactionAmountAfter": 0
			},
			{
				"cycleCount": 0,
				"transactionDate": 0,
				"sequenceNumber": 0,
				"description": null,
				"signAmount": null,
				"transactionAmount": 0,
				"referenceNumber": null,
				"authorizationNumber": 0,
				"signAmountAfter": null,
				"transactionAmountAfter": 0
			},
			{
				"cycleCount": 0,
				"transactionDate": 0,
				"sequenceNumber": 0,
				"description": null,
				"signAmount": null,
				"transactionAmount": 0,
				"referenceNumber": null,
				"authorizationNumber": 0,
				"signAmountAfter": null,
				"transactionAmountAfter": 0
			},
			{
				"cycleCount": 0,
				"transactionDate": 0,
				"sequenceNumber": 0,
				"description": null,
				"signAmount": null,
				"transactionAmount": 0,
				"referenceNumber": null,
				"authorizationNumber": 0,
				"signAmountAfter": null,
				"transactionAmountAfter": 0
			}
		],
		"customerId": 5373196,
		"customerName": "JOSE ANTONIO LEFLER RESINES                            ",
		"cutoffDay": 170331,
		"lastAccessDate": 170331,
		"startDate": 170301,
		"stopDate": 170331,
		"balanceStartAmount": 296049.46,
		"signBalanceStartAmount": " ",
		"entrySequenceNumber": 0,
		"depositDueAmount": 0,
		"outSequenceNumber": 0,
		"chargeOffAmount": 0,
		"balanceAmount": 296200.05,
		"signBalanceAmount": " ",
		"financialCreditLineAmount": 0,
		"creditUsedAmount": 0,
		"creditAvailableAmount": 0,
		"daysOftheCycle": 31,
		"daysOftheYear": 90,
		"cycleAverageBalanceAmount": 293053.7,
		"yearAverageBalanceAmount": 302476.62,
		"interestPayCycleDay": 150.59,
		"interestPayCycleYear": 444.92,
		"annualPercentageCycle": 0.59,
		"annualPercentageYield": 0.9,
		"periodRate": 0.14,
		"destinationCountryTaxAmount": 76.53,
		"deliveryReferenceNumber": 0,
		"authorizedUserWaiverDurationNumber": 0
	},
	"movementsResponse": null,
	"afterResponse": null
}