[{
	"type": "bank",
	"name": "Banjercito",
	"address": "Av. Constituyentes 1111, Álvaro Obregón, Belenes de las Flores, Ciudad de México",
	"place_id": "ChIJM9mDYggB0oURq63QrtTa8Kc",
	"longitude": "-99.2353347",
	"latitude": "19.3936401",
	"photo_URL": "https://maps.googleapis.com/maps/api/place/photo?maxwidth=100&photoreference=",
	"open_now": false,
	"opening_hours": "com.citibanamex.api.locator.atm.model.OpeningHours@44177bf7",
	"telephone_number": "",
	"nextStartIndex": "",
	"location": null
}, {
	"type": "atm",
	"name": "Banamex",
	"address": "Avenida Vasco de Quiroga 1504, La Mexicana, Ciudad de México",
	"place_id": "ChIJZTst_KoB0oURvfbP7u9Mg0E",
	"longitude": "-99.2316264",
	"latitude": "19.3838379",
	"photo_URL": "https://maps.googleapis.com/maps/api/place/photo?maxwidth=100&photoreference=",
	"open_now": null,
	"opening_hours": null,
	"telephone_number": "",
	"nextStartIndex": "",
	"location": null
}, {
	"type": "bank",
	"name": "Hsbc",
	"address": "Vasco De Quiroga 1504",
	"place_id": "ChIJZTst_KoB0oURSFLGdUio8mA",
	"longitude": "-99.23239269999999",
	"latitude": "19.3837689",
	"photo_URL": "https://maps.googleapis.com/maps/api/place/photo?maxwidth=100&photoreference=",
	"open_now": null,
	"opening_hours": null,
	"telephone_number": "",
	"nextStartIndex": "",
	"location": null
}, {
	"type": "bank",
	"name": "Santander Serfín",
	"address": "José María Morelos 134, Lomas de Santa Fé, Ciudad de México",
	"place_id": "ChIJM2CdrrUB0oUR8wE0ttksIM4",
	"longitude": "-99.214472",
	"latitude": "19.3856102",
	"photo_URL": "https://maps.googleapis.com/maps/api/place/photo?maxwidth=100&photoreference=",
	"open_now": null,
	"opening_hours": null,
	"telephone_number": "",
	"nextStartIndex": "",
	"location": null
}]