{
"itenarylist":[{
      "itenaryID": "TRIPID10023",
      "flightName": "Aero Mexico",
      "travelStartDT": "16 may 2017 12:30:00",
      "travelEndDT": "18 may 2017 12:30:00",
      "flightNo": "AEROFL656",
      "ticketStatus": "Confirmed",
      "timerforunlock":10,
      "timerforlock":20,
      "cardblock":false,
      "loadimage":false,
      "loopend":true
    },{
      "itenaryID": "TRIPID10024",
      "flightName": "Aero Mexico",
      "travelStartDT": "26 may 2017 12:30:00",
      "travelEndDT": "29 may 2017 12:30:00",
      "flightNo": "AEROFL656",
      "ticketStatus": "Confirmed",
      "timerforunlock":30,
      "timerforlock":50,
      "cardblock":false,
      "loadimage":false,
      "loopend":true
}]
}